"Laboratoire";"CIP7";"DCI";"Specialite";"Presentation";"Forme";"Dosage";"Unites"
"1";"ABBVIE";3011729;"LOPINAVIR;RITONAVIR";"KALETRA (80 mg + 20 mg)/ml, solution buvable";"2 flacon(s) multidose(s) jaune(brun) polytéréphtalate (PET) de 60 ml avec 2 seringue(s) pour administration orale 2ml";"solution buvable";"20mg;80mg";2
"2";"ABBVIE";3566819;"LOPINAVIR;RITONAVIR";"KALETRA (80 mg + 20 mg)/ml, solution buvable";"5 flacon(s) multidose(s) jaune(brun) polytéréphtalate (PET) de 60  ml avec seringue pour administration orale";"solution buvable";"20mg;80mg";5
"3";"ABBVIE";3844201;"LOPINAVIR;RITONAVIR";"KALETRA 100 mg/25 mg, comprimé pelliculé";"1 flacon(s) polyéthylène haute densité (PEHD) de 60 comprimé(s)";"comprimé pelliculé";"100mg;25mg";60
"4";"ABBVIE";4940964;"LOPINAVIR;RITONAVIR";"KALETRA 200 mg/50 mg, comprimé pelliculé";"3 plaquette(s) PVC fluoropolymère de 40 comprimé(s)";"comprimé pelliculé";"200mg;50mg";120
"5";"ABBVIE";9999998;"LOPINAVIR;RITONAVIR";"KALETRA solution buvable";"5 flacons";"solution buvable";"20mg;80mg";5
"6";"ABBVIE";9999997;"LOPINAVIR;RITONAVIR";"ALUVIA comprimé pelliculé";"1 flacon de 120 comprimés";"comprimé pelliculé";"200mg;50mg";120
"7";"ACCORD HEALTHCARE FRANCE SAS";5736645;"CHLORHYDRATE DE MIDAZOLAM";"MIDAZOLAM ACCORD 1 mg/ml, solution injectable";"10 ampoule(s) en verre de 5 ml";"solution injectable";"1mg/mL;5mL";10
"8";"ACCORD HEALTHCARE FRANCE SAS";5736651;"CHLORHYDRATE DE MIDAZOLAM";"MIDAZOLAM ACCORD 5 mg/ml, solution injectable";"10 ampoule(s) en verre de 1 ml";"solution injectable";"5mg/mL;1mL";10
"9";"ACCORD HEALTHCARE FRANCE SAS";5736674;"CHLORHYDRATE DE MIDAZOLAM";"MIDAZOLAM ACCORD 5 mg/ml, solution injectable";"10 ampoule(s) en verre de 10 ml";"solution injectable";"5mg/mL;10mL";10
"10";"ACCORD HEALTHCARE FRANCE SAS";5501417;"BESILATE DE CISATRACURIUM";"CISATRACURIUM ACCORD 2 mg/ml, solution injectable/pour perfusion";"5 flacon(s) en verre de 2,5 ml";"solution injectable pour perfusion";"2mg/mL;2,5mL";5
"11";"ACCORD HEALTHCARE FRANCE SAS";5501419;"BESILATE DE CISATRACURIUM";"CISATRACURIUM ACCORD 2 mg/ml, solution injectable/pour perfusion";"5 flacon(s) en verre de 5 ml";"solution injectable pour perfusion";"2mg/mL;5mL";5
"12";"ACCORD HEALTHCARE FRANCE SAS";5501421;"BESILATE DE CISATRACURIUM";"CISATRACURIUM ACCORD 2 mg/ml, solution injectable/pour perfusion";"5 flacon(s) en verre de 10 ml";"solution injectable pour perfusion";"2mg/mL;10mL";5
"13";"ACCORD HEALTHCARE FRANCE SAS";5501425;"BESILATE DE CISATRACURIUM";"CISATRACURIUM ACCORD 5 mg/ml, solution injectable/pour perfusion";"1 flacon(s) en verre de 30 ml";"solution injectable pour perfusion";"5mg/mL;30mL";1
"14";"ALMUS FRANCE";3861493;"CEFTRIAXONE SODIQUE ANHYDRE";"CEFTRIAXONE ALMUS 1 g/3,5 ml, poudre et solvant pour solution injectable (IM)";"1 flacon(s) en verre - 1 ampoule(s) en verre de 3,5 ml";"poudre et  solvant pour solution injectable";"1000mg";1
"15";"ARROW GENERIQUES";3821387;"AZITHROMYCINE MONOHYDRATEE";"AZITHROMYCINE ARROW 250 mg, comprimé pelliculé";"plaquette(s) thermoformée(s) polyamide aluminium PVC-Aluminium de 6 comprimé(s)";"comprimé pelliculé";"250mg";6
"16";"ARROW GENERIQUES";5815882;"LEVOFLOXACINE HEMIHYDRATEE";"LEVOFLOXACINE ARROW 5 mg/ml, solution pour perfusion en poche";"10 poche(s) (CRYOVAC) polyoléfine PVC suremballée(s)/surpochée(s) de 50 ml";"solution pour perfusion";"5mg";10
"17";"ARROW GENERIQUES";5815907;"LEVOFLOXACINE HEMIHYDRATEE";"LEVOFLOXACINE ARROW 5 mg/ml, solution pour perfusion en poche";"10 poche(s) (CRYOVAC) polyoléfine PVC suremballée(s)/surpochée(s) de 100 ml";"solution pour perfusion";"5mg";10
"18";"ARROW GENERIQUES";3574486;"CEFTRIAXONE SODIQUE";"CEFTRIAXONE ARROW 1 g/10 ml, poudre et solvant pour solution injectable (IV)";"1 flacon(s) en verre de 1 g - 1 ampoule(s) en verre de 10 ml";"poudre et  solvant pour solution injectable";"1000mg";1
"19";"ARROW GENERIQUES";3574405;"CEFTRIAXONE SODIQUE";"CEFTRIAXONE ARROW 1 g/3,5 ml, poudre et solvant pour solution injectable (IM)";"1 flacon(s) en verre de 1 g - 1 ampoule(s) en verre de 3,5 ml";"poudre et  solvant pour solution injectable";"1000mg";1
"20";"ARROW GENERIQUES";3574380;"CEFTRIAXONE SODIQUE";"CEFTRIAXONE ARROW 500 mg/2 ml, poudre et solvant pour solution injectable (IM)";"1 flacon(s) en verre de 500 mg - 1 ampoule(s) en verre de 2 ml";"poudre et  solvant pour solution injectable";"500mg";1
"21";"ARROW GENERIQUES";5812205;"PARACETAMOL";"PARACETAMOL ARROW 10 mg/ml, solution pour perfusion";"10 flacon(s) en verre de 100 ml";"solution pour perfusion";"10mg";10
"22";"ARROW GENERIQUES";5861712;"PARACETAMOL";"PARACETAMOL ARROW 10 mg/ml, solution pour perfusion";"10 flacon(s) en verre de 50 ml";"solution pour perfusion";"10mg";10
"23";"ASPEN FRANCE";5597770;"PROPOFOL";"DIPRIVAN 10 mg/ml, émulsion injectable en seringue pré-remplie";"1 seringue(s) préremplie(s) en verre de 50 ml avec aiguille(s)";"émulsion injectable";"10mg/ml;50mL";1
"24";"ASPEN FRANCE";5636116;"PROPOFOL";"DIPRIVAN 20 mg/ml, émulsion injectable en seringue pré-remplie";"1 seringue(s) préremplie(s) en verre de 50 ml avec aiguille(s)";"émulsion injectable";"20mg/mL;50mL";1
"25";"ASPEN FRANCE";5595340;"BESILATE DE CISATRACURIUM";"NIMBEX 2 mg/ml, solution injectable/pour perfusion";"5 ampoule(s) en verre de 2,5 ml";"solution injectable pour perfusion";"2mg/mL;2,5mL";5
"26";"ASPEN FRANCE";5595357;"BESILATE DE CISATRACURIUM";"NIMBEX 2 mg/ml, solution injectable/pour perfusion";"5 ampoule(s) en verre de 5  ml";"solution injectable pour perfusion";"2mg/mL;5mL";5
"27";"ASPEN FRANCE";5595363;"BESILATE DE CISATRACURIUM";"NIMBEX 2 mg/ml, solution injectable/pour perfusion";"5 ampoule(s) en verre de 10  ml";"solution injectable pour perfusion";"2mg/mL;10mL";5
"28";"ASPEN FRANCE";5595392;"BESILATE DE CISATRACURIUM";"NIMBEX 5 mg/ml, solution injectable/pour perfusion";"1 flacon(s) en verre de 30 ml";"solution injectable pour perfusion";"5mg/mL;30mL";1
"29";"ASPEN FRANCE";5651179;"BESILATE D'ATRACURIUM";"TRACRIUM 25 mg/2,5 ml (1 POUR CENT), solution injectable en ampoule";"5 ampoule(s) en verre de 2,5  ml";"solution injectable";"25mg";5
"30";"ASPEN FRANCE";5653936;"ATRACURIUM (BESILATE D')";"TRACRIUM 250 mg/25 ml, solution injectable";"1 flacon(s) en verre de 25 ml";"solution injectable";"250mg";1
"31";"ASPEN FRANCE";5651185;"BESILATE D'ATRACURIUM";"TRACRIUM 50 mg/5 ml (1 POUR CENT), solution injectable en ampoule";"5 ampoule(s) en verre de 5  ml";"solution injectable";"50mg";5
"32";"B BRAUN MEDICAL SAS";5636079;"PROPOFOL";"PROPOFOL LIPURO 1 % (10 mg/ml), émulsion injectable ou pour perfusion";"5 ampoule(s) en verre de 20  ml";"émulsion injectable ou pour perfusion";"10mg/mL;20mL";5
"33";"B BRAUN MEDICAL SAS";5717352;"PROPOFOL";"PROPOFOL LIPURO 1 % (10 mg/ml), émulsion injectable ou pour perfusion";"10 flacon(s) en verre de 50 ml";"émulsion injectable ou pour perfusion";"10mg/ml;50mL";10
"34";"B BRAUN MEDICAL SAS";5717369;"PROPOFOL";"PROPOFOL LIPURO 1 % (10 mg/ml), émulsion injectable ou pour perfusion";"10 flacon(s) en verre de 100 ml";"émulsion injectable ou pour perfusion";"10mg/mL;100mL";10
"35";"B BRAUN MEDICAL SAS";5705283;"PROPOFOL";"PROPOFOL LIPURO 2 % (20 mg/ml), émulsion injectable ou pour perfusion";"10 flacon(s) en verre de 50 ml";"émulsion injectable ou pour perfusion";"20mg/mL;50mL";10
"36";"B BRAUN MEDICAL SAS";5738621;"PROPOFOL";"PROPOFOL LIPURO 5 mg/ml, émulsion injectable ou pour perfusion";"5 ampoule(s) en verre de 20 ml";"émulsion injectable ou pour perfusion";"5mg/mL;20mL";5
"37";"B BRAUN MEDICAL SAS";5614379;"ETOMIDATE";"ETOMIDATE LIPURO 20 mg/10 ml, émulsion injectable";"10 ampoule(s) en verre de 10 ml";"émulsion injectable";"20mg";10
"38";"B BRAUN MEDICAL SAS";5795760;"BROMURE DE ROCURONIUM";"ROCURONIUM B BRAUN 10 mg/ml, solution injectable";"10 flacon(s) en verre de 5 ml";"solution injectable";"10mg";10
"39";"B BRAUN MEDICAL SAS";5500095;"PARACETAMOL";"PARACETAMOL B BRAUN 10 mg/ml, solution pour perfusion";"20 ampoule(s) polyéthylène basse densité (PEBD) de 10 ml";"solution pour perfusion";"1000mg";20
"40";"B BRAUN MEDICAL SAS";5830752;"PARACETAMOL";"PARACETAMOL B BRAUN 10 mg/ml, solution pour perfusion";"10 flacon(s) polyéthylène basse densité (PEBD) de 50 ml";"solution pour perfusion";"1000mg";10
"41";"B BRAUN MEDICAL SAS";5830812;"PARACETAMOL";"PARACETAMOL B BRAUN 10 mg/ml, solution pour perfusion";"10 flacon(s) polyéthylène basse densité (PEBD) de 100 ml";"solution pour perfusion";"1000mg";10
"42";"BAXTER SAS";1000007;"PROPOFOL";"PROPOFOL BAXTER 10 mg/ml, émulsion injectable/pour perfusion";"20 ml en flacon (verre). Boîte de 5.";"émulsion injectable/pour perfusion";"10mg/mL;20mL";5
"43";"BAXTER SAS";1000008;"PROPOFOL";"PROPOFOL BAXTER 10 mg/ml, émulsion injectable/pour perfusion";"50 ml en flacon (verre). Boîte de 1";"émulsion injectable/pour perfusion";"10mg/ml;50mL";1
"44";"BAXTER SAS";1000009;"PROPOFOL";"PROPOFOL BAXTER 10 mg/ml, émulsion injectable/pour perfusion";"100 ml en flacon (verre). Boîte de 1.";"émulsion injectable/pour perfusion";"10mg/mL;100mL";1
"45";"BAXTER SAS";1000010;"PROPOFOL";"PROPOFOL BAXTER 20 mg/ml, émulsion injectable/pour perfusion ";"50 ml en flacon (verre). Boîte de 1";"émulsion injectable/pour perfusion";"20mg/mL;50mL";1
"46";"BIOGARAN";2764658;"AZITHROMYCINE MONOHYDRATEE";"AZITHROMYCINE BIOGARAN 250 mg, comprimé pelliculé";"plaquette(s) PVC aluminium de 6 comprimé(s)";"comprimé pelliculé";"250mg";6
"47";"BIOGARAN";3763454;"SPIRAMYCINE";"SPIRAMYCINE BIOGARAN 3 M.U.I., comprimé pelliculé";"plaquette(s) PVC PVDC aluminium de 10 comprimé(s)";"comprimé pelliculé";"3M.U.I.";10
"48";"BIOGARAN";3763460;"SPIRAMYCINE";"SPIRAMYCINE BIOGARAN 3 M.U.I., comprimé pelliculé";"plaquette(s) PVC PVDC aluminium de 16 comprimé(s)";"comprimé pelliculé";"3M.U.I.";16
"49";"BIOGARAN";3605703;"CEFTRIAXONE SODIQUE";"CEFTRIAXONE BIOGARAN 1 g/10 ml, poudre et solvant pour solution injectable (IV)";"1 flacon(s) en verre de 1079,27  mg - 1 ampoule(s) en verre de 10  ml";"poudre et  solvant pour solution injectable";"1000mg";1
"50";"BIOGARAN";3605666;"CEFTRIAXONE SODIQUE";"CEFTRIAXONE BIOGARAN 1 g/3,5 ml, poudre et solvant pour solution injectable (IM)";"1 flacon(s) en verre de 1079,27  mg - 1 ampoule(s) en verre de 3,5  ml";"poudre et  solvant pour solution injectable";"1000mg";1
"51";"BRISTOL-MYERS SQUIBB";5630591;"PARACETAMOL";"PERFALGAN 10 mg/ml, solution pour perfusion";"12 flacon(s) en verre de 100 ml";"solution pour perfusion";"10mg";12
"52";"BRISTOL-MYERS SQUIBB";5636240;"PARACETAMOL";"PERFALGAN 10 mg/ml, solution pour perfusion";"12 flacon(s) en verre de 50 ml";"solution pour perfusion";"10mg";12
"53";"CENTRE SPECIALITES PHARMACEUTIQUES";5611464;"CITRATE DE SUFENTANIL";"SUFENTA 10 microgrammes/2 ml, solution injectable (I.V. ou péridurale)";"5 ampoule(s) en verre de 2 ml";"solution injectable";"0,010mg";5
"54";"CENTRE SPECIALITES PHARMACEUTIQUES";5572468;"SUFENTANIL (CITRATE DE)";"SUFENTA 250 microgrammes/5 ml, solution injectable (I.V. ou péridurale) en ampoule";"10 ampoule(s) en verre de 5 ml";"solution injectable";"0,250mg";10
"55";"CENTRE SPECIALITES PHARMACEUTIQUES";5611470;"CITRATE DE SUFENTANIL";"SUFENTA 50 microgrammes/10 ml, solution injectable (I.V.ou péridurale)";"10 ampoule(s) en verre de 10 ml";"solution injectable";"0,050mg";10
"56";"CENTRE SPECIALITES PHARMACEUTIQUES";5825426;"CHLORHYDRATE DE DEXMEDETOMIDINE";"DEXDOR 100 microgrammes/ml, solution à diluer pour perfusion";"25 ampoule(s) en verre de 2 ml";"solution à diluer pour perfusion";"0,100mg";25
"57";"CENTRE SPECIALITES PHARMACEUTIQUES";5606919;"ETOMIDATE";"HYPNOMIDATE 2 mg/ml, solution injectable";"5 ampoule(s) en verre de 10  ml";"solution injectable";"2mg";5
"58";"CRISTERS";3950096;"AZITHROMYCINE DIHYDRATEE";"AZITHROMYCINE CRISTERS 250 mg, comprimé pelliculé";"plaquette(s) thermoformée(s) PVDC PVC aluminium de 6 comprimé(s)";"comprimé pelliculé";"250mg";6
"59";"CRISTERS";3746059;"SPIRAMYCINE";"SPIRAMYCINE CRISTERS 3 M.U.I, comprimé pelliculé";"plaquette(s) PVC PVDC aluminium de 10 comprimé(s)";"comprimé pelliculé";"3M.U.I.";10
"60";"CRISTERS";3746088;"SPIRAMYCINE";"SPIRAMYCINE CRISTERS 3 M.U.I, comprimé pelliculé";"plaquette(s) PVC PVDC aluminium de 16 comprimé(s)";"comprimé pelliculé";"3M.U.I.";16
"61";"CRISTERS";3554791;"CEFTRIAXONE SODIQUE";"CEFTRIAXONE CRISTERS 1 g/10 ml, poudre et solvant pour solution injectable (IV)";"1 flacon(s) en verre (poudre) - 1 ampoule(s) en verre (solvant)";"poudre et  solvant pour solution injectable";"1000mg";1
"62";"CRISTERS";3462652;"CEFTRIAXONE DISODIQUE";"CEFTRIAXONE CRISTERS 1 g/3,5 ml, poudre et solvant pour solution injectable (IM)";"1 flacon(s) en verre - 1 ampoule(s) en verre";"poudre et  solvant pour solution injectable";"1000mg";1
"63";"EG LABO";3794549;"AZITHROMYCINE MONOHYDRATEE";"AZITHROMYCINE EG 250 mg, comprimé pelliculé";"plaquette(s) PVC PVDC aluminium de 6 comprimé(s)";"comprimé pelliculé";"250mg";6
"64";"EG LABO";3763431;"SPIRAMYCINE";"SPIRAMYCINE EG 3 M.U.I., comprimé pelliculé";"plaquette(s) PVC PVDC aluminium de 10 comprimé(s)";"comprimé pelliculé";"3M.U.I.";10
"65";"EG LABO";3763448;"SPIRAMYCINE";"SPIRAMYCINE EG 3 M.U.I., comprimé pelliculé";"plaquette(s) PVC PVDC aluminium de 16 comprimé(s)";"comprimé pelliculé";"3M.U.I.";16
"66";"EG LABO";3554839;"CEFTRIAXONE SODIQUE";"CEFTRIAXONE EG 1 g/10 ml, poudre et solvant pour solution injectable (IV)";"1 flacon(s) en verre (poudre) - 1 ampoule(s) en verre (solvant)";"poudre et  solvant pour solution injectable";"1000mg";1
"67";"EG LABO";3559050;"CEFTRIAXONE SODIQUE";"CEFTRIAXONE EG 1 g/3,5 ml, poudre et solvant pour solution injectable (IM)";"1 flacon(s) en verre de 1 g - 1 ampoule(s) en verre de 3,5 ml";"poudre et  solvant pour solution injectable";"1000mg";1
"68";"EVERPHARMA";5505724;"CHLORHYDRATE DE DEXMEDETOMIDINE";"DEXMEDETOMIDINE EVER PHARMA 100 microgrammes/mL, solution à diluer pour perfusion";"5 ampoules en verre de 2 ml";"solution à diluer pour perfusion";"0,100mg";5
"69";"EVERPHARMA";5505729;"CHLORHYDRATE DE DEXMEDETOMIDINE";"DEXMEDETOMIDINE EVER PHARMA 100 microgrammes/mL, solution à diluer pour perfusion";"5 flacons en verre de 5 ml (avec un volume de remplissage de 4 mL)";"solution à diluer pour perfusion";"0,100mg";5
"70";"EVERPHARMA";5505731;"CHLORHYDRATE DE DEXMEDETOMIDINE";"DEXMEDETOMIDINE EVER PHARMA 100 microgrammes/mL, solution à diluer pour perfusion";"5 flacons en verre de 10 ml (avec un volume de remplissage de 10 mL)";"solution à diluer pour perfusion";"0,100mg";5
"71";"EVOLUPHARM";3745999;"AZITHROMYCINE MONOHYDRATEE";"AZITHROMYCINE EVOLUGEN 250 mg, comprimé pelliculé";"plaquette(s) thermoformée(s) polyamide aluminium PVC-Aluminium de 6 comprimé(s)";"comprimé pelliculé";"250mg";6
"72";"EVOLUPHARM";3462675;"CEFTRIAXONE SODIQUE";"CEFTRIAXONE EVOLUGEN 1 g/3,5 ml, poudre et solvant pour solution injectable (IM)";"1 flacon(s) en verre - 1 ampoule(s) en verre";"poudre et  solvant pour solution injectable";"1000mg";1
"73";"FRESENIUS KABI FRANCE";5609993;"PROPOFOL";"PROPOFOL FRESENIUS 10 mg/ml, émulsion injectable ou pour perfusion";"5 ampoule(s) en verre de 20 ml";"émulsion injectable ou pour perfusion";"10mg/mL;20mL";5
"74";"FRESENIUS KABI FRANCE";5610016;"PROPOFOL";"PROPOFOL FRESENIUS 10 mg/ml, émulsion injectable ou pour perfusion";"10 flacon(s) en verre de 50 ml";"émulsion injectable ou pour perfusion";"10mg/mL;50mL";10
"75";"FRESENIUS KABI FRANCE";5610045;"PROPOFOL";"PROPOFOL FRESENIUS 10 mg/ml, émulsion injectable ou pour perfusion";"10 flacon(s) en verre de 100 ml";"émulsion injectable ou pour perfusion";"10mg/mL;100mL";10
"76";"FRESENIUS KABI FRANCE";5505543;"LEVOFLOXACINE HEMIHYDRATEE";"LEVOFLOXACINE KABI 5 mg/ml, solution pour perfusion";"20 flacon(s) polyéthylène basse densité (PEBD) de 50 ml";"solution pour perfusion";"5mg";20
"77";"FRESENIUS KABI FRANCE";5505544;"LEVOFLOXACINE HEMIHYDRATEE";"LEVOFLOXACINE KABI 5 mg/ml, solution pour perfusion";"20 flacon(s) polyéthylène basse densité (PEBD) de 100 ml";"solution pour perfusion";"5mg";20
"78";"FRESENIUS KABI FRANCE";5500909;"LINEZOLIDE";"LINEZOLIDE KABI 2 mg/ml, solution pour perfusion";"10 flacon(s) polyéthylène basse densité (PEBD) Kabipac de 300 ml";"solution pour perfusion";"2mg";10
"79";"FRESENIUS KABI FRANCE";5800745;"PARACETAMOL";"PARACETAMOL KABI 10 mg/ml, solution pour perfusion";"10 flacon(s) en verre de 50 ml";"solution pour perfusion";"10mg";10
"80";"FRESENIUS KABI FRANCE";5800780;"PARACETAMOL";"PARACETAMOL KABI 10 mg/ml, solution pour perfusion";"10 flacon(s) en verre de 100 ml";"solution pour perfusion";"10mg";10
"81";"FRESENIUS KABI FRANCE";5824929;"PARACETAMOL";"PARACETAMOL KABI 10 mg/ml, solution pour perfusion";"20 poche(s) FREEFLEX (polypropylène/SIS : styrène-isoprène-styrène - polypropylène/ styrène éthylène butadiène) suremballée(s) de 100 ml";"solution pour perfusion";"10mg";20
"82";"FRESENIUS KABI FRANCE";100001;"PARACETAMOL";"PARACETAMOL KABI 10 mg/ml, solution pour perfusion NON SERIALISE";"10 flacon(s) en verre de 100 ml";"solution pour perfusion";"1000mg";10
"83";"FRESENIUS KABI FRANCE";100003;"PROPOFOL";"PROPOFOL FRESENIUS 10 mg/ml, émulsion injectable ou pour perfusion MCT";"10 flacon(s) en verre de 50 ml";"émulsion injectable ou pour perfusion";"10mg/mL;50mL";10
"84";"FRESENIUS KABI FRANCE";100006;"PROPOFOL";"Propofol MCT 10mg/1ml 100ml FR";"10 flacon(s) en verre de 100 ml";"émulsion injectable ou pour perfusion";"10mg/mL;100mL";10
"85";"LABORATOIRE AGUETTANT";5648711;"MIDAZOLAM";"MIDAZOLAM AGUETTANT 1 mg/ml, solution injectable";"10 ampoule(s) en verre de 5  ml";"solution injectable";"1mg/mL;5mL";10
"86";"LABORATOIRE AGUETTANT";5648734;"MIDAZOLAM";"MIDAZOLAM AGUETTANT 5 mg/ml, solution injectable";"10 ampoule(s) en verre de 1  ml";"solution injectable";"5mg/mL;1mL";10
"87";"LABORATOIRE AGUETTANT";5648740;"MIDAZOLAM";"MIDAZOLAM AGUETTANT 5 mg/ml, solution injectable";"50 ampoule(s) en verre de 1  ml";"solution injectable";"5mg/mL;1mL";50
"88";"LABORATOIRE AGUETTANT";5648786;"MIDAZOLAM";"MIDAZOLAM AGUETTANT 5 mg/ml, solution injectable";"10 ampoule(s) en verre de 10  ml";"solution injectable";"5mg/mL;10mL";10
"89";"LABORATOIRE AGUETTANT";5609355;"TARTRATE DE NORADRENALINE";"NORADRENALINE (TARTRATE) AGUETTANT 2 mg/ml (SANS SULFITES), solution à diluer pour perfusion";"10 ampoule(s) en verre blanc de 4 ml";"solution à diluer pour perfusion";"2mg";10
"90";"LABORATOIRE AGUETTANT";5646103;"TARTRATE DE NORADRENALINE";"NORADRENALINE (TARTRATE) AGUETTANT 2 mg/ml (SANS SULFITES), solution à diluer pour perfusion";"10 ampoule(s) en verre blanc de 8  ml";"solution à diluer pour perfusion";"2mg";10
"91";"LABORATOIRE AGUETTANT";3690614;"CHLORHYDRATE DE MORPHINE";"MORPHINE (CHLORHYDRATE) AGUETTANT 0,1 mg/ml, solution injectable";"10 ampoule(s) en verre de 5 ml";"solution injectable";"0,1mg";10
"92";"LABORATOIRE AGUETTANT";3691068;"CHLORHYDRATE DE MORPHINE";"MORPHINE (CHLORHYDRATE) AGUETTANT 10 mg/ml, solution injectable";"10 ampoule(s) en verre de 1 ml";"solution injectable";"10mg";10
"93";"LABORATOIRE AGUETTANT";3691105;"CHLORHYDRATE DE MORPHINE";"MORPHINE (CHLORHYDRATE) AGUETTANT 10 mg/ml, solution injectable";"10 ampoule(s) en verre de 5 ml";"solution injectable";"10mg";10
"94";"LABORATOIRE AGUETTANT";3691163;"CHLORHYDRATE DE MORPHINE";"MORPHINE (CHLORHYDRATE) AGUETTANT 10 mg/ml, solution injectable";"10 ampoule(s) en verre de 10 ml";"solution injectable";"10mg";10
"95";"LABORATOIRE AGUETTANT";3690577;"CHLORHYDRATE DE MORPHINE";"MORPHINE (CHLORHYDRATE) AGUETTANT 40 mg/ml, solution injectable";"10 ampoule(s) en verre de 10 ml";"solution injectable";"40mg";10
"96";"LABORATOIRE AGUETTANT";3005497;"TARTRATE D'ADRENALINE";"ADRENALINE AGUETTANT 0,1 mg/mL sans sulfite, solution injectable en seringue pré-remplie";"10 seringue(s) préremplie(s) polypropylène suremballée(s) de 10 ml";"solution injectable";"0,1mg";10
"97";"LABORATOIRE AGUETTANT";5714224;"TARTRATE D'ADRENALINE";"ADRENALINE AGUETTANT 1 mg/mL SANS SULFITE, solution injectable";"10 ampoule(s) en verre de 5 ml";"solution injectable";"1mg";10
"98";"LABORATOIRE AGUETTANT";5727801;"TARTRATE D'ADRENALINE";"ADRENALINE AGUETTANT 1 mg/mL SANS SULFITE, solution injectable";"10 ampoule(s) en verre de 1 ml ( abrogée le 03/10/2016)";"solution injectable";"1mg";10
"99";"LABORATOIRE AGUETTANT";3012667;"TARTRATE D'ADRENALINE";"ADRENALINE AGUETTANT 1 mg/mL sans sulfite, solution injectable en seringue pré-remplie";"10 seringue(s) préremplie(s) polypropylène suremballée(s) de 5 ml";"solution injectable";"1mg";10
"100";"LABORATOIRE AGUETTANT";3195317;"ADRENALINE";"ADRENALINE AGUETTANT 1 mg/ml, solution injectable en ampoule";"10 ampoule(s) en verre de 1 ml";"solution injectable";"1mg";10
"101";"LABORATOIRE RENAUDIN";5675257;"CITRATE DE SUFENTANIL";"SUFENTANIL RENAUDIN 5 microgrammes/ml, solution injectable (IV ou péridurale)";"10 ampoule(s) en verre de 2 ml";"solution injectable";"0,010mg";10
"102";"LABORATOIRE RENAUDIN";5675323;"CITRATE DE SUFENTANIL";"SUFENTANIL RENAUDIN 5 microgrammes/ml, solution injectable (IV ou péridurale)";"10 ampoule(s) en verre de 10 ml";"solution injectable";"0,050mg";10
"103";"LABORATOIRE RENAUDIN";5674714;"CITRATE DE SUFENTANIL";"SUFENTANIL RENAUDIN 50 microgrammes/mL, solution injectable (IV ou péridurale)";"10 ampoule(s) en verre de 5 ml";"solution injectable";"0,050mg";10
"104";"LABORATOIRE RENAUDIN";5845937;"NORADRENALINE (TARTRATE DE)";"NORADRENALINE (TARTRATE) RENAUDIN 0,5 mg/mL, solution pour perfusion";"12 flacon(s) en verre de 50 ml";"solution pour perfusion";"0,5mg";12
"105";"LABORATOIRE RENAUDIN";5845989;"NORADRENALINE (TARTRATE DE)";"NORADRENALINE (TARTRATE) RENAUDIN 1 mg/mL, solution pour perfusion";"12 flacon(s) en verre de 50 ml";"solution pour perfusion";"1mg";12
"106";"LABORATOIRE RENAUDIN";5657354;"NORADRENALINE (TARTRATE DE)";"NORADRENALINE RENAUDIN 2 mg/ml SANS CONSERVATEUR, solution à diluer pour perfusion";"10 ampoule(s) en verre de 4 ml";"solution à diluer pour perfusion";"2mg";10
"107";"LABORATOIRE RENAUDIN";5680979;"NORADRENALINE (TARTRATE DE)";"NORADRENALINE RENAUDIN 2 mg/ml SANS CONSERVATEUR, solution à diluer pour perfusion";"10 ampoule(s) en verre de 8 ml";"solution à diluer pour perfusion";"2mg";10
"108";"LABORATOIRE RENAUDIN";5785299;"CHLORHYDRATE DE KETAMINE";"KETAMINE RENAUDIN 10 mg/ml, solution injectable";"10 ampoule(s) en verre de 5 ml";"solution injectable";"50mg";10
"109";"LABORATOIRE RENAUDIN";5785419;"CHLORHYDRATE DE KETAMINE";"KETAMINE RENAUDIN 50 mg/ml, solution injectable";"10 ampoule(s) en verre de 5 ml";"solution injectable";"250mg";10
"110";"LABORATOIRE RENAUDIN";5785460;"CHLORHYDRATE DE KETAMINE";"KETAMINE RENAUDIN 50 mg/ml, solution injectable";"10 ampoule(s) en verre de 10 ml";"solution injectable";"500mg";10
"111";"LABORATOIRE RENAUDIN";3690198;"CHLORHYDRATE DE MORPHINE";"MORPHINE (CHLORHYDRATE) RENAUDIN 1 mg/ml, solution injectable";"10 ampoule(s) en verre de 1 ml";"solution injectable";"1mg";10
"112";"LABORATOIRE RENAUDIN";3953427;"CHLORHYDRATE DE MORPHINE";"MORPHINE (CHLORHYDRATE) RENAUDIN 1 mg/ml, solution injectable";"10 ampoule(s) en verre de 10 ml";"solution injectable";"1mg";10
"113";"LABORATOIRE RENAUDIN";5781901;"CHLORHYDRATE DE MORPHINE";"MORPHINE (CHLORHYDRATE) RENAUDIN 1 mg/ml, solution injectable";"12 flacon(s) en verre de 50 ml";"solution injectable";"1mg";12
"114";"LABORATOIRE RENAUDIN";5812843;"CHLORHYDRATE DE MORPHINE";"MORPHINE (CHLORHYDRATE) RENAUDIN 1 mg/ml, solution injectable";"10 poche(s) de 100 ml polypropylène polyoléfine à 2 tubes, l'un avec un Twist-off l'autre avec un site d'injection suremballée(s)/surpochée(s)";"solution injectable";"1mg";10
"115";"LABORATOIRE RENAUDIN";2187959;"CHLORHYDRATE DE MORPHINE";"MORPHINE (CHLORHYDRATE) RENAUDIN 10 mg/ml, solution injectable";"1 poche(s) de 100 ml polypropylène polyoléfine à 2 tubes, l'un avec un Twist-off l'autre avec un site d'injection suremballée(s)/surpochée(s)";"solution injectable";"10mg";1
"116";"LABORATOIRE RENAUDIN";3690040;"CHLORHYDRATE DE MORPHINE";"MORPHINE (CHLORHYDRATE) RENAUDIN 10 mg/ml, solution injectable";"10 ampoule(s) en verre de 1 ml";"solution injectable";"10mg";10
"117";"LABORATOIRE RENAUDIN";5669682;"CHLORHYDRATE DE MORPHINE";"MORPHINE (CHLORHYDRATE) RENAUDIN 10 mg/ml, solution injectable";"100 ampoule(s) en verre de 5 ml";"solution injectable";"10mg";100
"118";"LABORATOIRE RENAUDIN";2187971;"CHLORHYDRATE DE MORPHINE";"MORPHINE (CHLORHYDRATE) RENAUDIN 20 mg/ml, solution injectable";"1 poche(s) de 100 ml polypropylène polyoléfine à 2 tubes, l'un avec un Twist-off l'autre avec un site d'injection suremballée(s)/surpochée(s)";"solution injectable";"20mg";1
"119";"LABORATOIRE RENAUDIN";3689717;"CHLORHYDRATE DE MORPHINE";"MORPHINE (CHLORHYDRATE) RENAUDIN 20 mg/ml, solution injectable";"10 ampoule(s) en verre de 1 ml";"solution injectable";"20mg";10
"120";"LABORATOIRE RENAUDIN";5669618;"CHLORHYDRATE DE MORPHINE";"MORPHINE (CHLORHYDRATE) RENAUDIN 20 mg/ml, solution injectable";"100 ampoule(s) en verre de 5 ml";"solution injectable";"20mg";100
"121";"LABORATOIRE RENAUDIN";3643394;"TARTRATE D'ADRENALINE";"ADRENALINE RENAUDIN 0,25 mg/ml, solution injectable en ampoule";"10 ampoule(s) bouteille en verre de 1 ml";"solution injectable";"0,250mg";10
"122";"LABORATOIRE RENAUDIN";3643365;"TARTRATE D'ADRENALINE";"ADRENALINE RENAUDIN 0,50 mg/ml, solution injectable";"10 ampoule(s) bouteille en verre de 1 ml";"solution injectable";"0,500mg";10
"123";"LABORATOIRE RENAUDIN";3643299;"TARTRATE D'ADRENALINE";"ADRENALINE RENAUDIN 1 mg/ml, solution injectable en ampoule";"10 ampoule(s) bouteille en verre de 5 ml";"solution injectable";"1mg";10
"124";"LABORATOIRE RENAUDIN";3643336;"TARTRATE D'ADRENALINE";"ADRENALINE RENAUDIN 1 mg/ml, solution injectable en ampoule";"10 ampoule(s) bouteille en verre de 20 ml";"solution injectable";"1mg";10
"125";"LABORATOIRE RENAUDIN";5654545;"TARTRATE D'ADRENALINE";"ADRENALINE RENAUDIN 1 mg/ml, solution injectable en ampoule";"10 ampoule(s) bouteille en verre de 1 ml";"solution injectable";"1mg";10
"126";"LABORATOIRES CHAIX ET DU MARAIS";3402130;"CHLORHYDRATE DE MORPHINE";"MORPHINE (CHLORHYDRATE) LAVOISIER 10 mg/ml, solution injectable";"10 ampoule(s) en verre de 1 ml";"solution injectable";"10mg";10
"127";"LABORATOIRES CHAIX ET DU MARAIS";3429123;"CHLORHYDRATE DE MORPHINE";"MORPHINE (CHLORHYDRATE) LAVOISIER 10 mg/ml, solution injectable";"10 ampoule(s) en verre de 5 ml";"solution injectable";"10mg";10
"128";"LABORATOIRES CHAIX ET DU MARAIS";3429146;"CHLORHYDRATE DE MORPHINE";"MORPHINE (CHLORHYDRATE) LAVOISIER 20 mg/ml, solution injectable";"10 ampoule(s) en verre de 5 ml";"solution injectable";"20mg";10
"129";"LABORATOIRES CHAIX ET DU MARAIS";3441093;"CHLORHYDRATE DE MORPHINE";"MORPHINE (CHLORHYDRATE) LAVOISIER 20 mg/ml, solution injectable";"10 ampoule(s) en verre de 1 ml";"solution injectable";"20mg";10
"130";"LABORATOIRES CHAIX ET DU MARAIS";3561992;"SULFATE DE MORPHINE";"MORPHINE (SULFATE) LAVOISIER 50 mg/ml, solution injectable";"1 ampoule(s) en verre de 10 ml";"solution injectable";"50mg";1
"131";"LABORATOIRES CHAIX ET DU MARAIS";3562017;"SULFATE DE MORPHINE";"MORPHINE (SULFATE) LAVOISIER 50 mg/ml, solution injectable";"10 ampoule(s) en verre de 10 ml";"solution injectable";"50mg";10
"132";"LABORATOIRES CHAIX ET DU MARAIS";3562069;"SULFATE DE MORPHINE";"MORPHINE (SULFATE) LAVOISIER 1 mg/ml, solution injectable";"10 ampoule(s) en verre de 1 ml";"solution injectable";"1mg";10
"133";"LABORATOIRES CHAIX ET DU MARAIS";5535326;"CHLORHYDRATE DE MORPHINE";"MORPHINE (CHLORHYDRATE) LAVOISIER 10 mg/ml, solution injectable";"100 ampoule(s) en verre de 1 ml";"solution injectable";"10mg";100
"134";"LABORATOIRES CHAIX ET DU MARAIS";5535332;"CHLORHYDRATE DE MORPHINE";"MORPHINE (CHLORHYDRATE) LAVOISIER 20 mg/ml, solution injectable";"100 ampoule(s) en verre de 1 ml";"solution injectable";"20mg";100
"135";"LABORATOIRES CHAIX ET DU MARAIS";5602761;"CHLORHYDRATE DE MORPHINE";"MORPHINE (CHLORHYDRATE) LAVOISIER 10 mg/ml, solution injectable";"100 ampoule(s) en verre de 5 ml";"solution injectable";"10mg";100
"136";"LABORATOIRES CHAIX ET DU MARAIS";5602784;"CHLORHYDRATE DE MORPHINE";"MORPHINE (CHLORHYDRATE) LAVOISIER 20 mg/ml, solution injectable";"100 ampoule(s) en verre de 5 ml";"solution injectable";"20mg";100
"137";"LABORATOIRES ETHYPHARM";5769455;"CHLORURE DE SUXAMETHONIUM";"SUXAMETHONIUM ETHYPHARM 50 mg/ml, solution injectable";"10 ampoule(s) en verre de 2 ml";"solution injectable";"50mg";10
"138";"LABORATOIRES GERDA";2214656;"CEFTRIAXONE SODIQUE ANHYDRE";"CEFTRIAXONE GERDA 1 g, poudre pour solution injectable";"10 flacon(s) en verre";"poudre pour solution injectable";"1000mg";10
"139";"LABORATOIRES GERDA";5821813;"CEFTRIAXONE SODIQUE ANHYDRE";"CEFTRIAXONE GERDA 1 g, poudre pour solution injectable";"100 flacon(s) en verre";"poudre pour solution injectable";"1000mg";100
"140";"LABORATOIRES GERDA";4184557;"CEFTRIAXONE SODIQUE";"CEFTRIAXONE GERDA 1 g/10 ml, poudre et solvant pour solution injectable (IV)";"1 flacon(s) en verre de 1079,27 mg - 1 ampoule(s) en verre de 10 ml";"poudre et  solvant pour solution injectable";"1000mg";1
"141";"LABORATOIRES GERDA";4184563;"CEFTRIAXONE SODIQUE";"CEFTRIAXONE GERDA 1 g/10 ml, poudre et solvant pour solution injectable (IV)";"10 flacon(s) en verre de 1079,27 mg - 10 ampoule(s) en verre de 10 ml";"poudre et  solvant pour solution injectable";"1000mg";10
"142";"LABORATOIRES GERDA";3014223;"CEFTRIAXONE SODIQUE";"CEFTRIAXONE GERDA 2 g, poudre pour solution injectable";"10 flacon(s) en verre";"poudre pour solution injectable";"2000mg";10
"143";"LABORATOIRES GERDA";3615044;"CEFTRIAXONE SODIQUE";"TRIACEFAN 1 g/3,5 ml, poudre et solvant pour solution injectable (IM)";"1 flacon(s) en verre de 1079,27  mg - 1 ampoule(s) en verre de 3,5  ml";"poudre et  solvant pour solution injectable";"1000mg";1
"144";"MEDIPHA SANTE";5505203;"BESILATE D'ATRACURIUM";"ATRACURIUM KALCEKS 10 mg/mL, solution injectable/pour perfusion";"5 ampoule(s) en verre de 2,5 mL";"solution injectable pour perfusion";"25mg";5
"145";"MEDIPHA SANTE";5505205;"BESILATE D'ATRACURIUM";"ATRACURIUM KALCEKS 10 mg/mL, solution injectable/pour perfusion";"5 ampoule(s) en verre de 5 mL";"solution injectable pour perfusion";"50mg";5
"146";"MEDIPHA SANTE";5506176;"BROMURE DE ROCURONIUM";"ROCURONIUM KALCEKS 10 mg/mL, solution injectable/pour perfusion";"10 flacon(s) en verre de 5 ml";"solution injectable pour perfusion";"10mg";10
"147";"MEDIPHA SANTE";5506801;"BESILATE DE CISATRACURIUM";"CISATRACURIUM KALCEKS 2 mg/mL, solution injectable/pour perfusion 10 ml.";"5 ampoules de 10 ML";"solution injectable pour perfusion";"2mg/mL;10mL";5
"148";"MEDIPHA SANTE";5506799;"BESILATE DE CISATRACURIUM";"CISATRACURIUM KALCEKS 2 mg/mL, solution injectable/pour perfusion 2,5 ml ";"5 ampoules de 2,5 ML";"solution injectable pour perfusion";"2mg/mL;2,5mL";5
"149";"MEDIPHA SANTE";5506800;"BESILATE DE CISATRACURIUM";"CISATRACURIUM KALCEKS 2 mg/mL, solution injectable/pour perfusion 10 ml. ";"5 ampoules de 5 ML";"solution injectable pour perfusion";"2mg/mL;5mL";5
"150";"MEDIPHA SANTE";NA;"CHLORHYDRATE DE DEXMEDETOMIDINE";"DEXMEDETOMIDINE ALTAN 200µg/2mL,  Ampoules en verre de 2 mL";"25 ampoules de 2mL";"solution à diluer pour perfusion";"0,1mg/mL;2mL";25
"151";"MEDIPHA SANTE";NA;"CHLORHYDRATE DE DEXMEDETOMIDINE";"DEXMEDETOMIDINE ALTAN 200µg/2mL,  Ampoules en verre de 2 mL";"5 ampoules de 2mL";"solution à diluer pour perfusion";"0,1mg/mL;2mL";5
"152";"MSD FRANCE";5715212;"ROCURONIUM (BROMURE DE)";"ESMERON 10 mg/ml, solution injectable";"10 flacon(s) en verre de 5 ml";"solution injectable";"10mg";10
"153";"MYLAN";5641063;"PROPOFOL";"PROPOFOL MYLAN 20 mg/ml, émulsion injectable (IV)";"1 flacon(s) en verre de 50  ml";"émulsion injectable";"20mg/mL;50mL";1
"154";"MYLAN";5627264;"MIDAZOLAM";"MIDAZOLAM MYLAN 1 mg/ml, solution injectable (IM-IV) ou rectale";"10 ampoule(s) en verre de 5 ml";"solution injectable ou";"1mg/mL;5mL";10
"155";"MYLAN";5627241;"MIDAZOLAM";"MIDAZOLAM MYLAN 5 mg/ml, solution injectable (IM-IV) ou rectale";"10 ampoule(s) en verre de 1 ml";"solution injectable ou";"5mg/mL;1mL";10
"156";"MYLAN";5627258;"MIDAZOLAM";"MIDAZOLAM MYLAN 5 mg/ml, solution injectable (IM-IV) ou rectale";"10 ampoule(s) en verre de 10 ml";"solution injectable ou";"5mg/mL;10mL";10
"157";"MYLAN";5649018;"CITRATE DE SUFENTANIL";"SUFENTANIL MYLAN 5 microgrammes/ml, solution injectable (IV ou péridurale)";"20 ampoule(s) en verre de 2  ml";"solution injectable";"0,010mg";20
"158";"MYLAN";5649053;"CITRATE DE SUFENTANIL";"SUFENTANIL MYLAN 5 microgrammes/ml, solution injectable (IV ou péridurale)";"20 ampoule(s) en verre de 10  ml";"solution injectable";"0,050mg";20
"159";"MYLAN";5648970;"CITRATE DE SUFENTANIL";"SUFENTANIL MYLAN 50 microgrammes/ml, solution injectable";"20 ampoule(s) en verre de 5  ml";"solution injectable";"0,050mg";20
"160";"MYLAN";5854623;"BESILATE DE CISATRACURIUM";"CISATRACURIUM MYLAN 2 mg/ml, solution injectable ou pour perfusion";"5 ampoule(s) en verre de 2,5 ml";"solution injectable pour perfusion";"2mg/mL;2,5mL";5
"161";"MYLAN";5854652;"BESILATE DE CISATRACURIUM";"CISATRACURIUM MYLAN 2 mg/ml, solution injectable ou pour perfusion";"5 ampoule(s) en verre de 5 ml";"solution injectable pour perfusion";"2mg/mL;5mL";5
"162";"MYLAN";5854675;"BESILATE DE CISATRACURIUM";"CISATRACURIUM MYLAN 2 mg/ml, solution injectable ou pour perfusion";"5 ampoule(s) en verre de 10 ml";"solution injectable pour perfusion";"2mg/mL;10mL";5
"163";"MYLAN";5854681;"BESILATE DE CISATRACURIUM";"CISATRACURIUM MYLAN 5 mg/ml, solution injectable/pour perfusion";"1 flacon(s) en verre de 30 ml";"solution injectable pour perfusion";"5mg/mL;30mL";1
"164";"MYLAN";5643547;"TARTRATE DE NORADRENALINE";"NORADRENALINE MYLAN 2mg/ml SANS SULFITES, solution à diluer pour perfusion";"50 ampoule(s) en verre de 4  ml";"solution à diluer pour perfusion";"2mg";50
"165";"MYLAN";3794578;"AZITHROMYCINE MONOHYDRATEE";"AZITHROMYCINE MYLAN 250 mg, comprimé pelliculé";"plaquette(s) PVC PVDC aluminium de 6 comprimé(s)";"comprimé pelliculé";"250mg";6
"166";"MYLAN";5503751;"CEFOTAXIME SODIQUE";"CEFOTAXIME MYLAN 1 g, poudre pour solution injectable (IM-IV)";"10 flacon(s) en verre de 15 ml contenant 1,048 g de poudre";"poudre pour solution injectable";"1000mg";10
"167";"MYLAN";5610401;"CEFOTAXIME SODIQUE";"CEFOTAXIME MYLAN 1 g, poudre pour solution injectable (IM-IV)";"10 flacon(s) en verre de 10 ml contenant 1,048 g de poudre";"poudre pour solution injectable";"1000mg";10
"168";"MYLAN";5503755;"CEFOTAXIME SODIQUE";"CEFOTAXIME MYLAN 2 g, poudre pour solution injectable (IM-IV)";"10 flacon(s) en verre de 15 ml contenant 2,097 g de poudre";"poudre pour solution injectable";"2000mg";10
"169";"MYLAN";5611197;"CEFOTAXIME SODIQUE";"CEFOTAXIME MYLAN 2 g, poudre pour solution injectable (IM-IV)";"10 flacon(s) en verre de 10 ml contenant 2,097 g de poudre";"poudre pour solution injectable";"2000mg";10
"170";"MYLAN";5503760;"CEFOTAXIME SODIQUE";"CEFOTAXIME MYLAN 500 mg, poudre pour solution injectable (IM-IV)";"10 flacon(s) en verre de 15 ml contenant 0,524 g de poudre";"poudre pour solution injectable";"500mg";10
"171";"MYLAN";5610364;"CEFOTAXIME SODIQUE";"CEFOTAXIME MYLAN 500 mg, poudre pour solution injectable (IM-IV)";"10 flacon(s) en verre de 10 ml contenant 0,524 g de poudre";"poudre pour solution injectable";"500mg";10
"172";"MYLAN";3746119;"SPIRAMYCINE";"SPIRAMYCINE MYLAN 3 M.U.I, comprimé pelliculé";"plaquette(s) thermoformée(s) PVC PVDC aluminium de 10 comprimé(s)";"comprimé pelliculé";"3M.U.I.";10
"173";"MYLAN";3746148;"SPIRAMYCINE";"SPIRAMYCINE MYLAN 3 M.U.I, comprimé pelliculé";"plaquette(s) thermoformée(s) PVC PVDC aluminium de 16 comprimé(s)";"comprimé pelliculé";"3M.U.I.";16
"174";"MYLAN";3006002;"LOPINAVIR;RITONAVIR";"LOPINAVIR/RITONAVIR MYLAN 100 mg/25 mg, comprimé pelliculé";"60 plaquette(s) thermoformée(s) polyamide aluminium PVC-Aluminium de 1 comprimé(s)";"comprimé pelliculé";"100mg;25mg";60
"175";"MYLAN";3006004;"LOPINAVIR;RITONAVIR";"LOPINAVIR/RITONAVIR MYLAN 200 mg/50 mg, comprimé pelliculé";"120 plaquette(s) thermoformée(s) polyamide aluminium PVC-Aluminium de 1 comprimé(s)";"comprimé pelliculé";"200mg;50mg";120
"176";"MYLAN";5505954;"CHLORHYDRATE DE DEXMEDETOMIDINE";"DEXMÉDÉTOMIDINE MYLAN 100 microgrammes/mL, solution à diluer pour perfusion";"25 flacon(s) en verre de 2 ml";"solution à diluer pour perfusion";"0,100mg";25
"177";"MYLAN";5756599;"LEVOFLOXACINE HEMIHYDRATEE";"LEVOFLOXACINE MYLAN 5 mg/ml, solution pour perfusion";"30 poche(s) polyoléfine suremballée(s)/surpochée(s) de 100 ml";"solution pour perfusion";"5mg";30
"178";"MYLAN";5505661;"BROMURE DE ROCURONIUM";"ROCURONIUM MYLAN 10 mg/mL, solution injectable/pour perfusion";"10 flacons en verre de 5 mL";"solution injectable ou pour perfusion";"10mg";10
"179";"MYLAN";5629990;"CEFTRIAXONE SODIQUE";"CEFTRIAXONE MYLAN 1 g, poudre pour solution injectable";"10 flacon(s) en verre de 10 ml";"poudre pour solution injectable";"1000mg";10
"180";"MYLAN";3556726;"CEFTRIAXONE SODIQUE";"CEFTRIAXONE MYLAN 1 g/10 ml, poudre et solvant pour solution injectable (IV)";"1 flacon(s) en verre de 1 g - 1 ampoule(s) en verre de 10 ml";"poudre et  solvant pour solution injectable";"1000mg";1
"181";"MYLAN";3556896;"CEFTRIAXONE SODIQUE";"CEFTRIAXONE MYLAN 1 g/3,5 ml, poudre et solvant pour solution injectable (IM)";"1 flacon(s) en verre de 1 g - 1 ampoule(s) en verre de 3,5 ml";"poudre et  solvant pour solution injectable";"1000mg";1
"182";"MYLAN";3561621;"CEFTRIAXONE DISODIQUE HEMIHEPTAHYDRATE";"CEFTRIAXONE MYLAN 2 g, poudre pour solution injectable IV";"5 flacon(s) en verre";"poudre pour solution injectable";"2000mg";5
"183";"MYLAN";5627838;"CEFTRIAXONE SODIQUE";"CEFTRIAXONE MYLAN 250 mg, poudre pour solution injectable";"10 flacon(s) en verre de 10 ml";"poudre pour solution injectable";"250mg";10
"184";"MYLAN";5629978;"CEFTRIAXONE SODIQUE";"CEFTRIAXONE MYLAN 500 mg, poudre pour solution injectable";"10 flacon(s) en verre de 10 ml";"poudre pour solution injectable";"500mg";10
"185";"MYLAN";3556927;"CEFTRIAXONE SODIQUE";"CEFTRIAXONE MYLAN 500 mg/2 ml, poudre et solvant pour solution injectable (IM)";"1 flacon(s) en verre de 500 mg - 1 ampoule(s) en verre de 2 ml";"poudre et  solvant pour solution injectable";"500mg";1
"186";"MYLAN";3556755;"CEFTRIAXONE SODIQUE";"CEFTRIAXONE MYLAN 500 mg/5 ml, poudre et solvant pour solution injectable (IV)";"1 flacon(s) en verre de 500 mg - 1 ampoule(s) en verre de 5 ml";"poudre et  solvant pour solution injectable";"500mg";1
"187";"MYLAN";9999999;"MIDAZOLAM";"MIDAZOLAM MYLAN 5 mg/ml, solution injectable (IM-IV) ou rectale";"1 ampoule(s) en verre de 10 ml";"solution injectable ou";"5mg";1
"188";"NEURAXPHARM FRANCE";5630444;"CHLORURE DE SUXAMETHONIUM";"CELOCURINE 50 mg/ml, solution injectable";"10 ampoule(s) en verre de 2 ml";"solution injectable";"50mg";10
"189";"PANPHARMA";5633371;"CEFOTAXIME SODIQUE";"CEFOTAXIME PANPHARMA 0,5 g, poudre pour solution injectable (IM-IV)";"0,5 g en flacon(s) en verre de 15 ml ; boîte de 25";"poudre pour solution injectable";"500mg";25
"190";"PANPHARMA";5633394;"CEFOTAXIME SODIQUE";"CEFOTAXIME PANPHARMA 1 g, poudre pour solution injectable (IM-IV)";"25 flacon(s) de 15 ml en verre de 1 g";"poudre pour solution injectable";"1000mg";25
"191";"PANPHARMA";5501374;"CEFOTAXIME SODIQUE";"CEFOTAXIME PANPHARMA 2 g, poudre pour solution injectable (IM-IV)";"10 flacon(s) de 15 ml en verre de 2 g";"poudre pour solution injectable";"2000mg";10
"192";"PANPHARMA";3618019;"CEFTRIAXONE SODIQUE";"CEFTRIAXONE PANPHARMA 1 g/3,5 ml, poudre et solvant pour solution injectable (IM)";"1 flacon(s) en verre de 1,193  g - 1 ampoule(s) en verre de 3,5  ml";"poudre et  solvant pour solution injectable";"1000mg";1
"193";"PANPHARMA";3581836;"CEFTRIAXONE SODIQUE";"CEFTRIAXONE PANPHARMA 1 g, poudre pour solution injectable";"25 flacon(s) en verre de 1,193 g";"poudre pour solution injectable";"1000mg";25
"194";"PANPHARMA";5651392;"CEFTRIAXONE SODIQUE";"CEFTRIAXONE PANPHARMA 2 g, poudre pour solution injectable";"25 flacon(s) en verre de 2,385 g";"poudre pour solution pour perfusion";"2000mg";25
"195";"PANPHARMA";5839807;"KETAMINE (CHLORHYDRATE DE)";"KETAMINE PANPHARMA 250 mg/5 ml, solution injectable (I.V.-I.M.)";"5 ampoule(s) en verre de 5 ml";"solution injectable";"250mg";5
"196";"PANPHARMA";5839799;"KETAMINE (CHLORHYDRATE DE)";"KETAMINE PANPHARMA 50 mg/5 ml, solution injectable (I.V.-I.M.)";"5 ampoule(s) en verre de 5 ml";"solution injectable";"50mg";5
"197";"PANPHARMA";5500653;"LINEZOLIDE";"LINEZOLIDE PANPHARMA 2 mg/mL, solution pour perfusion";"10 poche(s) polyoléfine suremballée(s)/surpochée(s) de 300 ml";"solution pour perfusion";"2mg";10
"198";"PANPHARMA";5652167;"MIDAZOLAM";"MIDAZOLAM PANPHARMA 1 mg/ml, solution injectable";"10 ampoule(s) en verre de 5  ml";"solution injectable";"1mg/mL;5mL";10
"199";"PANPHARMA";5652144;"MIDAZOLAM";"MIDAZOLAM PANPHARMA 5 mg/ml, solution injectable";"10 flacon(s) en verre de 10 ml";"solution injectable";"5mg/mL;10mL";10
"200";"PANPHARMA";5652196;"MIDAZOLAM";"MIDAZOLAM PANPHARMA 5 mg/ml, solution injectable";"10 ampoule(s) en verre de 1  ml";"solution injectable";"5mg/mL;1mL";10
"201";"PANPHARMA";5718601;"PARACETAMOL";"PARACETAMOL PANPHARMA 10 mg/ml, solution pour perfusion";"10 poche(s) PVC de 50 ml";"solution pour perfusion";"10mg";10
"202";"PANPHARMA";5729970;"PARACETAMOL";"PARACETAMOL PANPHARMA 10 mg/ml, solution pour perfusion";"50 poche(s) PVC de 100 ml";"solution pour perfusion";"10mg";50
"203";"PANPHARMA";5856409;"PARACETAMOL";"PARACETAMOL PANPHARMA 10 mg/ml, solution pour perfusion";"10 flacon(s) en verre de 10 ml";"solution pour perfusion";"10mg";10
"204";"PANPHARMA";5849473;"PROPOFOL";"PROPOFOL PANPHARMA 10 mg/ml, émulsion injectable";"5 flacon(s) en verre de 20 ml";"émulsion injectable";"10mg/mL;20mL";5
"205";"PFIZER";5713874;"BESILATE D'ATRACURIUM";"ATRACURIUM HOSPIRA 10 mg/ml, solution injectable";"5 ampoule(s) en verre de 2,5 ml";"solution injectable";"25mg";5
"206";"PFIZER";5713880;"BESILATE D'ATRACURIUM";"ATRACURIUM HOSPIRA 10 mg/ml, solution injectable";"5 ampoule(s) en verre de 5 ml";"solution injectable";"50mg";5
"207";"PFIZER";5713897;"BESILATE D'ATRACURIUM";"ATRACURIUM HOSPIRA 10 mg/ml, solution injectable";"1 flacon(s) en verre de 25 ml";"solution injectable";"250mg";1
"208";"PFIZER";3433372;"AZITHROMYCINE DIHYDRATEE";"AZADOSE 600 mg, comprimé pelliculé";"plaquette(s) thermoformée(s) PVC aluminium de 8 comprimé(s)";"comprimé pelliculé";"600mg";8
"209";"PFIZER";3517755;"AZITHROMYCINE DIHYDRATEE";"AZITHROMYCINE PFIZER 250 mg, comprimé pelliculé";"plaquette(s) thermoformée(s) PVC-aluminium de 6 comprimé(s)";"comprimé pelliculé";"250mg";6
"210";"PFIZER";3517732;"AZITHROMYCINE DIHYDRATEE";"ZITHROMAX 250 mg, comprimé pelliculé";"plaquette(s) thermoformée(s) PVC-aluminium de 6 comprimé(s)";"comprimé pelliculé";"250mg";6
"211";"PFIZER";3565642;"AZITHROMYCINE DIHYDRATEE";"ZITHROMAX 40 mg/ml ENFANTS, poudre pour suspension buvable";"1 flacon(s) polyéthylène de 29,3 g avec seringue pour administration orale polypropylène";"poudre pour suspension buvable";"40mg";1
"212";"PFIZER";3565659;"AZITHROMYCINE DIHYDRATEE";"ZITHROMAX 40 mg/ml ENFANTS, poudre pour suspension buvable";"1 flacon(s) polyéthylène de 35,6 g avec seringue pour administration orale polypropylène";"poudre pour suspension buvable";"40mg";1
"213";"PFIZER";3517778;"AZITHROMYCINE DIHYDRATEE";"ZITHROMAX MONODOSE 250 mg, comprimé pelliculé";"plaquette(s) thermoformée(s) PVC-aluminium de 4 comprimé(s)";"comprimé pelliculé";"250mg";4
"214";"PFIZER";5811074;"LINEZOLIDE";"ZYVOXID 2 mg/ml, solution pour perfusion";"10 poche(s) Freeflex de 300 ml";"solution pour perfusion";"2mg";10
"215";"PFIZER";5500417;"BROMURE DE ROCURONIUM";"ROCURONIUM HOSPIRA 10 mg/ml, solution injectable/pour perfusion";"10 flacon(s) en verre de 5 ml";"solution injectable pour perfusion";"10mg";10
"216";"RANBAXY PHARMACIE GENERIQUES";3802556;"AZITHROMYCINE MONOHYDRATEE";"AZITHROMYCINE RANBAXY 250 mg, comprimé pelliculé";"plaquette(s) polyamide aluminium PVC-Aluminium de 6 comprimé(s)";"comprimé pelliculé";"250mg";6
"217";"RANBAXY PHARMACIE GENERIQUES";3628489;"CEFTRIAXONE SODIQUE";"CEFTRIAXONE RPG 1 g/3,5 ml, poudre et solvant pour solution injectable (IM)";"1 flacon(s) en verre de 1,193  g - 1 ampoule(s) en verre de 3,5  ml";"poudre et  solvant pour solution injectable";"1000mg";1
"218";"ROCHE";3267488;"CEFTRIAXONE SODIQUE";"ROCEPHINE 1 g/10 ml, poudre et solvant pour solution injectable (IV)";"1 flacon(s) de poudre en verre de 1 g - 1 ampoule(s) de solvant en verre de 10 ml";"poudre et  solvant pour solution injectable";"1000mg";1
"219";"ROCHE";3267525;"CEFTRIAXONE SODIQUE";"ROCEPHINE 1 g/3,5 ml, poudre et solvant pour solution injectable (IM)";"1 flacon(s) de poudre en verre de 1 g - 1 ampoule(s) de solvant en verre de 3,5 ml";"poudre et  solvant pour solution injectable";"1000mg";1
"220";"SANDOZ";3876282;"AZITHROMYCINE MONOHYDRATEE";"AZITHROMYCINE MONODOSE SANDOZ 250 mg, comprimé pelliculé";"plaquette(s) thermoformée(s) PVC PVDC aluminium de 4 comprimé(s)";"comprimé pelliculé";"250mg";4
"221";"SANDOZ";3793538;"AZITHROMYCINE MONOHYDRATEE";"AZITHROMYCINE SANDOZ 250 mg, comprimé pelliculé";"plaquette(s) PVC PVDC aluminium de 6 comprimé(s)";"comprimé pelliculé";"250mg";6
"222";"SANDOZ";3763477;"SPIRAMYCINE";"SPIRAMYCINE SANDOZ 3 M.U.I., comprimé pelliculé";"plaquette(s) PVC PVDC aluminium de 10 comprimé(s)";"comprimé pelliculé";"3M.U.I.";10
"223";"SANDOZ";3763483;"SPIRAMYCINE";"SPIRAMYCINE SANDOZ 3 M.U.I., comprimé pelliculé";"plaquette(s) PVC PVDC aluminium de 16 comprimé(s)";"comprimé pelliculé";"3M.U.I.";16
"224";"SANDOZ";2770512;"CEFTRIAXONE SODIQUE";"CEFTRIAXONE SANDOZ 1 g/10 ml, poudre et solvant pour solution injectable (IV)";"1 flacon(s) en verre de 1 g - 1 ampoule(s) polyéthylène basse densité (PEBD) de 10 ml";"poudre et  solvant pour solution injectable";"1000mg";1
"225";"SANDOZ";2770529;"CEFTRIAXONE SODIQUE";"CEFTRIAXONE SANDOZ 1 g/3,5 ml, poudre et solvant pour solution injectable (IM)";"1 flacon(s) en verre de 1 g - 1 ampoule(s) en verre de 3,5 ml";"poudre et  solvant pour solution injectable";"1000mg";1
"226";"SANOFI AVENTIS FRANCE";3644146;"SULFATE D'HYDROXYCHLOROQUINE";"PLAQUENIL 200 mg, comprimé pelliculé";"plaquette(s) PVC-Aluminium de 30 comprimé(s)";"comprimé pelliculé";"200mg";30
"227";"SANOFI AVENTIS FRANCE";3124168;"SPIRAMYCINE";"ROVAMYCINE 1 500 000 UI, comprimé pelliculé";"2 plaquette(s) thermoformée(s) PVC-aluminium de 8 comprimé(s)";"comprimé pelliculé";"1500000UI";2
"228";"SANOFI AVENTIS FRANCE";5559545;"SPIRAMYCINE (ADIPATE DE)";"ROVAMYCINE 1,5 MILLIONS D'UNITES INTERNATIONALES, lyophilisat pour usage parentéral";"1 flacon(s) en verre de 1500000  UI";"lyophilisat pour usage parentéral";"1500000UI";1
"229";"SANOFI AVENTIS FRANCE";3324708;"SPIRAMYCINE";"ROVAMYCINE 3 MILLIONS U I, comprimé pelliculé";"plaquette(s) thermoformée(s) PVC-aluminium de 10  comprimé(s)";"comprimé pelliculé";"3000000UI";10
"230";"SANOFI AVENTIS FRANCE";5583207;"SPIRAMYCINE";"ROVAMYCINE 3 MILLIONS U I, comprimé pelliculé";"plaquette(s) thermoformée(s) PVC aluminium de 100  comprimé(s)";"comprimé pelliculé";"3000000UI";100
"231";"SANOFI AVENTIS FRANCE";5619000;"LEVOFLOXACINE HEMIHYDRATEE";"TAVANIC 5 mg/ml, solution pour perfusion";"1 flacon(s) en verre de 100 ml";"solution pour perfusion";"5mg";1
"232";"SANOFI AVENTIS FRANCE";4900568;"LEVOFLOXACINE HEMIHYDRATEE";"TAVANIC 500 mg, comprimé pelliculé sécable";"1 plaquette(s) thermoformée(s) PVC-Aluminium de 5 comprimé(s)";"comprimé pelliculé sécable";"500mg";1
"233";"TEVA SANTE";2181170;"AZITHROMYCINE DIHYDRATEE";"AZITHROMYCINE TEVA 250 mg, comprimé pelliculé";"plaquette(s) thermoformée(s) PVC aluminium de 6 comprimé(s)";"comprimé pelliculé";"250mg";6
"234";"TEVA SANTE";3763419;"SPIRAMYCINE";"SPIRAMYCINE TEVA 3 M.U.I., comprimé pelliculé";"plaquette(s) PVC PVDC aluminium de 10 comprimé(s)";"comprimé pelliculé";"3M.U.I.";10
"235";"TEVA SANTE";3763425;"SPIRAMYCINE";"SPIRAMYCINE TEVA 3 M.U.I., comprimé pelliculé";"plaquette(s) PVC PVDC aluminium de 16 comprimé(s)";"comprimé pelliculé";"3M.U.I.";16
"236";"TEVA SANTE";3598038;"CEFTRIAXONE SODIQUE";"CEFTRIAXONE TEVA SANTE 1 g/10 mL, poudre et solvant pour solution injectable (IV)";"1 flacon(s) en verre - 1 ampoule(s) en verre de 10  ml";"poudre et  solvant pour solution injectable";"1000mg";1
"237";"TEVA SANTE";3598133;"CEFTRIAXONE SODIQUE";"CEFTRIAXONE TEVA SANTE 1 g/3,5 mL, poudre et solvant pour solution injectable (IM)";"1 flacon(s) en verre - 1 ampoule(s) en verre de 3,5  ml";"poudre et  solvant pour solution injectable";"1000mg";1
"238";"TEVA SANTE";3911015;"LEVOFLOXACINE HEMIHYDRATEE";"LEVOFLOXACINE TEVA 500 mg, comprimé pelliculé sécable";"plaquette(s) thermoformée(s) PVC PVDC aluminium de 5 comprimé(s)";"comprimé pelliculé sécable";"500mg";5
"239";"TONIPHARM";3953479;"AZITHROMYCINE DIHYDRATEE";"ORDIPHA 500 mg, comprimé dispersible sécable";"plaquette(s) thermoformée(s) PVC PVDC aluminium de 3 comprimé(s)";"comprimé dispersible sécable";"500mg";3
"240";"ZENTIVA FRANCE";3932282;"AZITHROMYCINE DIHYDRATEE";"AZITHROMYCINE ZENTIVA 250 mg, comprimé pelliculé";"plaquette(s) thermoformée(s) PVC polyéthylène PVDC aluminium de 6 comprimé(s)";"comprimé pelliculé";"250mg";6
"241";"ZENTIVA FRANCE";3674414;"CEFTRIAXONE SODIQUE";"CEFTRIAXONE ZENTIVA 1 g/10 ml, poudre et solvant pour solution injectable (IV)";"1 flacon(s) en verre - 1 ampoule(s) en verre";"poudre et  solvant pour solution injectable";"1000mg";1
"242";"ZENTIVA FRANCE";3674437;"CEFTRIAXONE SODIQUE";"CEFTRIAXONE ZENTIVA 1 g/3,5 ml, poudre et solvant pour solution injectable (IM)";"1 flacon(s) en verre de 1 g - 1 ampoule(s) en verre de 3,5 ml";"poudre et  solvant pour solution injectable";"1000mg";1
"243";"ZENTIVA FRANCE";3674420;"CEFTRIAXONE SODIQUE";"CEFTRIAXONE ZENTIVA 500 mg/2 ml, poudre et solvant pour solution injectable (IM)";"1 flacon(s) en verre de 500 mg - 1 ampoule(s) en verre de 2 ml";"poudre et  solvant pour solution injectable";"500mg";1
"244";"ZENTIVA FRANCE";3674408;"CEFTRIAXONE SODIQUE";"CEFTRIAXONE ZENTIVA 500 mg/5 ml, poudre et solvant pour solution injectable (IV)";"1 flacon(s) en verre - 1 ampoule(s) en verre";"poudre et  solvant pour solution injectable";"500mg";1
"245";"ZENTIVA FRANCE";3988271;"LEVOFLOXACINE HEMIHYDRATEE";"LEVOFLOXACINE ZENTIVA 500 mg, comprimé pelliculé sécable";"plaquette(s) thermoformée(s) PVC-Aluminium de 5 comprimé(s)";"comprimé pelliculé sécable";"500mg";5
"246";"ZYDUS FRANCE";3824061;"AZITHROMYCINE DIHYDRATEE";"AZITHROMYCINE ZYDUS 250 mg, comprimé pelliculé";"plaquette(s) thermoformée(s) PVDC PVC aluminium de 6 comprimé(s)";"comprimé pelliculé";"250mg";6
"247";"ZYDUS FRANCE";3774831;"CEFTRIAXONE SODIQUE";"CEFTRIAXONE ZYDUS 1 g/3,5 ml, poudre et solvant pour solution injectable (IM)";"1 flacon(s) en verre - 1 ampoule(s) en verre de 3,5 ml";"poudre et  solvant pour solution injectable";"1000mg";1
"248";"ZYDUS FRANCE";3752746;"LEVOFLOXACINE HEMIHYDRATEE";"LEVOFLOXACINE ZYDUS 500 mg, comprimé pelliculé sécable";"plaquette(s) thermoformée(s) PVDC PVC-Aluminium de 5 comprimé(s)";"comprimé pelliculé sécable";"500mg";5
